mầm non clover montessori quận 7	https://mamnon.com.vn/truong/truong-mam-non-clover-montessori
mầm non quốc tế tây úc bình thạnh	https://mamnon.com.vn/truong/truong-mam-non-quoc-te-tay-uc-wass-quan-binh-thanh
mầm non the first academy tú xương quận 3	https://mamnon.com.vn/truong/truong-mam-non-the-first-academy-tfa-tu-xuong
mầm non the gold beehive - tgb preschool wilton bình thạnh	https://mamnon.com.vn/truong/truong-mam-non-the-gold-beehive-tgb-preschool-co-so-wilton-binh-thanh
mầm non song ngữ quốc tế wis 15	https://mamnon.com.vn/truong/truong-mam-non-song-ngu-quoc-te-wis-phuong-15
mầm non quốc tế wonderkids montessori phú nhuận	https://mamnon.com.vn/truong/truong-mam-non-quoc-te-wonderkids-montessori-wms-quan-phu-nhuan
mầm non pathway việt nhật, quận 7	https://mamnon.com.vn/truong/mam-non-pathway-co-so-viet-nhat-quan-7
mầm non sakura montessori cầu giấy	https://mamnon.com.vn/truong/truong-mam-non-sakura-montessori-quan-cau-giay
mầm non quốc tế canada maple bear tân phú	https://mamnon.com.vn/truong/truong-mam-non-quoc-te-canada-maple-bear-quan-tan-phu
mầm non việt anh tân phú	https://mamnon.com.vn/truong/truong-mam-non-viet-anh-vietnamese-british-bilingual-school-vbbs-tan-phu
mầm non quốc tế kinderland quận 2	https://mamnon.com.vn/truong/truong-mam-non-quoc-te-kinderland-vista-verde
mầm non quốc tế sakura schools sao đỏ, hải phòng	https://mamnon.com.vn/truong/truong-mam-non-quoc-te-sakura-schools-sakura-montessori-sao-do-hai-phong
mầm non blue world preschool an phú	https://mamnon.com.vn/truong/truong-mam-non-blue-world-preschool-phuong-an-phu
mầm non lucita the little sunshine	https://mamnon.com.vn/truong/mam-non-lucita-the-little-sunshine-nhung-tia-nang-nho
mầm non bánh táo phước bình	https://mamnon.com.vn/truong/truong-mam-non-banh-tao-apple-pie-kindergarten-phuong-phuoc-binh
mầm non bright stars tân bình	https://mamnon.com.vn/truong/truong-mam-non-bright-stars-tan-binh-campus-tan-son-hoa
mầm non nam mỹ bình hưng, bình chánh	https://mamnon.com.vn/truong/truong-mam-non-nam-my-ask-binh-hung-binh-chanh
mầm non quốc tế phần lan cầu giấy	https://mamnon.com.vn/truong/truong-mam-non-quoc-te-phan-lan-finland-international-preschool-quan-cau-giay
mầm non quốc tế nhật bản hà đông	https://mamnon.com.vn/truong/truong-mam-non-quoc-te-nhat-ban-jis
mầm non angel kindergarten lý thường kiệt	https://mamnon.com.vn/truong/truong-mam-non-angel-kindergarten-ly-thuong-kiet
mầm non vườn sáng tạo steam kindergarten	https://mamnon.com.vn/truong/truong-mam-non-vuon-sang-tao-steam-kindergarten
mầm non the first academy hà đô, cát lái	https://mamnon.com.vn/truong/truong-mam-non-the-first-academy-tfa-ha-do-cat-lai
mầm non vương quốc kiko- bình an quận 2	https://mamnon.com.vn/truong/truong-mam-non-vuong-quoc-kiko-kiddie-kollege-montessori-preschool-binh-an
mầm non vương quốc ruby quận 2	https://mamnon.com.vn/truong/truong-mam-non-vuong-quoc-ruby
mầm non amanaki việt nam quận 2	https://mamnon.com.vn/truong/truong-mam-non-amanaki-viet-nam-amanaki-school-of-vietnam
mầm non babylons singapore international preschool thảo điền	https://mamnon.com.vn/truong/mam-non-babylons-singapore-international-preschool-thao-dien
mầm non chuồn chuồn kim quận 10	https://mamnon.com.vn/truong/truong-mam-non-chuon-chuon-kim-quan-10
mầm non ngôi nhà hạnh phúc tân phú	https://mamnon.com.vn/truong/truong-mam-non-ngoi-nha-hanh-phuc-happy-house-kindergarten-quan-tan-phu
e-maison international pre-school quận 2	https://mamnon.com.vn/truong/e-maison-international-pre-school
mầm non đàn chim non quận 7	https://mamnon.com.vn/truong/truong-mam-non-dan-chim-non
global star school an phú - thảo điền	https://mamnon.com.vn/truong/global-star-an-phu-thao-dien
mầm non 3 ngọn nến lê đức thọ gò vấp	https://mamnon.com.vn/truong/truong-mam-non-3-ngon-nen-candles-kids-le-duc-tho-go-vap
mầm non phần lan minh khai hai bà trưng	https://mamnon.com.vn/truong/mam-non-phan-lan-minh-khai-finland-international-preschool-fis-minh-khai-campus
mầm non bông hoa nhỏ quận 7	https://mamnon.com.vn/truong/truong-mam-non-bong-hoa-nho-tiny-flower-montessori-school
mầm non cambridge phamschool yên sở	https://mamnon.com.vn/truong/truong-mam-non-cambridge-phamschool-yen-so
mầm non ánh sao mai thạnh xuân	https://mamnon.com.vn/truong/truong-mam-non-anh-sao-mai-thanh-xuan
mầm non chiếc lá nhỏ sơn kỳ	https://mamnon.com.vn/truong/truong-mam-non-chiec-la-nho-son-ky
tiểu học song ngữ wellspring long biên	https://mamnon.com.vn/truong/truong-tieu-hoc-song-ngu-wellspring
mầm non bright kids hà đông	https://mamnon.com.vn/truong/mam-non-bright-kids
tiếng anh apax leaders bắc từ liêm	https://mamnon.com.vn/truong/trung-tam-tieng-anh-apax-leaders
anh ngữ kos cầu giấy	https://mamnon.com.vn/truong/trung-tam-anh-ngu-kos-kos-english-center
học viện anh ngữ quốc tế sydney academy hai bà trưng	https://mamnon.com.vn/truong/hoc-vien-anh-ngu-quoc-te-sydney-academy
mầm non quốc tế ngôi sao sáng quận 3	https://mamnon.com.vn/truong/truong-mam-non-quoc-te-ngoi-sao-sang
mầm non koi steiner cầu giấy	https://mamnon.com.vn/truong/truong-mam-non-koi-steiner
	https://mamnon.com.vn/truong/he-thong-ivy-school-co-so-superkids-hoang-van-thu
mầm non song ngữ candles kids gò vấp	https://mamnon.com.vn/truong/truong-mam-non-song-ngu-candles-kids-3-ngon-nen-phuong-an-nhon
mầm non bánh táo 11	https://mamnon.com.vn/truong/truong-mam-non-banh-tao-apple-pie-kindergarten-phuong-11
mầm non emilia elite edusystem bắc từ liêm	https://mamnon.com.vn/truong/truong-mam-non-emilia-elite-edusystem
mầm non song ngữ sunrise bilingual kindergarten đường số 4, bình chánh	https://mamnon.com.vn/truong/truong-mam-non-song-ngu-sunrise-bilingual-kindergarten-sunrise-duong-so-4-binh-chanh
mầm non vườn táo quận 7	https://mamnon.com.vn/truong/truong-mam-non-vuon-tao
mầm non song ngữ peace montessori pre-school yên lãng - đống đa	https://mamnon.com.vn/truong/truong-mam-non-song-ngu-peace-montessori-pre-school-yen-lang-dong-da
mầm non casa di pace montessori gia lâm	https://mamnon.com.vn/truong/truong-mam-non-casa-di-pace-montessori
mầm non bé mỡ văn chương, đống đa	https://mamnon.com.vn/truong/truong-mam-non-be-mo-fatty-baby-van-chuong-dong-da
happy apple kindergarten bình tân	https://mamnon.com.vn/truong/happy-apple-kindergarten-mam-non-tao-yeu-thuong
trường hội nhập quốc tế bamboo hóc môn	https://mamnon.com.vn/truong/he-thong-truong-hoi-nhap-quoc-te-bamboo-huyen-hoc-mon
mầm non worldkids 15	https://mamnon.com.vn/truong/truong-mam-non-worldkids-phuong-15
mầm non thăng long academy cầu giấy	https://mamnon.com.vn/truong/truong-mam-non-thang-long-academy-quan-cau-giay
mầm non mầm xanh steiner inspired school	https://mamnon.com.vn/truong/truong-mam-non-mam-xanh-steiner-inspired-school
mầm non blue world preschool 7 - hcm	https://mamnon.com.vn/truong/truong-mam-non-blue-world-preschool-quan-7-hcm-quan-7
mầm non úc châu quận 12	https://mamnon.com.vn/truong/truong-mam-non-uc-chau
th-thcs pathway tuệ đức nguyễn thị định	https://mamnon.com.vn/truong/truong-th-thcs-pathway-tue-duc-co-so-nguyen-thi-dinh
mầm non song ngữ little tree montessori hoài đức	https://mamnon.com.vn/truong/mam-non-song-ngu-little-tree-montessori
tiểu học iq school lê lai, hà đông	https://mamnon.com.vn/truong/truong-tieu-hoc-iq-school-le-lai-ha-dong
mầm non mondo dei bambini hai bà trưng	https://mamnon.com.vn/truong/truong-mam-non-mondo-dei-bambini-mondo-minh-khai
tiếng anh ielts capital đống đa	https://mamnon.com.vn/truong/trung-tam-tieng-anh-ielts-capital
giáo dục đặc biệt imon thủ đức	https://mamnon.com.vn/truong/trung-tam-giao-duc-dac-biet-imon
mầm non igc kiddy tân bình cũ	https://mamnon.com.vn/truong/truong-mam-non-igc-kiddy-quan-tan-binh
tiểu học hanoi adelaide school đống đa	https://mamnon.com.vn/truong/truong-tieu-hoc-hanoi-adelaide-school-h-a-s
mầm non nguyễn khuyến hoài đức	https://mamnon.com.vn/truong/mam-non-nguyen-khuyen-kdt-geleximco-le-trong-tan-hoai-duc
mầm non hoa tigôn quận 8	https://mamnon.com.vn/truong/mnhoatigonq8
mầm non homie kids montessori school phú nhuận	https://mamnon.com.vn/truong/truong-mam-non-homie-kids-montessori-school
mầm non tuệ tâm long trường, thủ đức	https://mamnon.com.vn/truong/truong-mam-non-tue-tam-long-truong-thu-duc
mầm non những em bé tháo vát hà đông	https://mamnon.com.vn/truong/truong-mam-non-nhung-em-be-thao-vat-sisu-steam-quan-ha-dong
mầm non song ngữ red bean nam từ liêm	https://mamnon.com.vn/truong/truong-mam-non-song-ngu-red-bean
mầm non happy garden preschool ngoại giao đoàn	https://mamnon.com.vn/truong/mam-non-happy-garden-preschool-ngoai-giao-doan
mầm non phần lan fine cầu giấy	https://mamnon.com.vn/truong/mam-non-phan-lan-fine
finland preschool fis geleximco	https://mamnon.com.vn/truong/finland-preschool-fis-geleximco
mầm non little sol montessori bắc từ liêm	https://mamnon.com.vn/truong/truong-mam-non-little-sol-montessori-quan-bac-tu-liem
mầm non song ngữ trẻ tài năng lê lư, quận tân phú	https://mamnon.com.vn/truong/truong-mam-non-song-ngu-tre-tai-nang-steamn-kids-preschool-le-lu-quan-tan-phu
mầm non cánh cam ladybird kindergarten	https://mamnon.com.vn/truong/truong-mam-non-canh-cam-ladybird-kindergarten
mầm non vietkids cầu giấy	https://mamnon.com.vn/truong/truong-mam-non-vietkids-quan-cau-giay
mầm non mặt trời bé thơ sunrise kidz hoàn kiếm	https://mamnon.com.vn/truong/truong-mam-non-mat-troi-be-tho-sunrise-kidz
mầm non mỉm cười phú nhuận	https://mamnon.com.vn/truong/truong-mam-non-mim-cuoi-smile-kindergarten
mầm non sao nhí bàu cát 2, tân bình	https://mamnon.com.vn/truong/truong-mam-non-sao-nhi-little-stars-bau-cat-2-tan-binh
mầm non blue ocean gia lâm	https://mamnon.com.vn/truong/truong-mam-non-blue-ocean
mầm non lãnh đạo nhí capokids kindergarten	https://mamnon.com.vn/truong/mam-non-lanh-dao-nhi-capokids-kindergarten
mầm non learn n play tân phú	https://mamnon.com.vn/truong/truong-mam-non-learn-n-play
mầm non quốc tế american montessori school amss bắc từ liêm	https://mamnon.com.vn/truong/truong-mam-non-quo-c-te-american-montessori-school-amss-montessori-hoa-ky-pha-m-van-do-ng
mầm non song ngữ rob kids quận 7	https://mamnon.com.vn/truong/truong-mam-non-song-ngu-rob-kids-campus-mai-vang-p-tan-quy-q-7
giáo dục trải nghiệm amon kindercare nam cường	https://mamnon.com.vn/truong/he-thong-giao-duc-trai-nghiem-amon-kindercare-co-so-nam-cuong
mầm non nhà của con babies' house gò vấp	https://mamnon.com.vn/truong/truong-mam-non-nha-cua-con-babies-house
mầm non trung sơn bình chánh	https://mamnon.com.vn/truong/truong-mam-non-trung-son-huyen-binh-chanh
mầm non vườn thiên thần 10	https://mamnon.com.vn/truong/truong-mam-non-vuon-thien-than-phuong-10
mầm non vườn kim cương hồ chí minh	https://mamnon.com.vn/truong/truong-mam-non-vuon-kim-cuong-diamond-garden-preschool
mầm non song ngữ little sol montessori đống đa	https://mamnon.com.vn/truong/truong-mam-non-song-ngu-little-sol-montessori
mầm non kid's club cơ sở him lam quận 9	https://mamnon.com.vn/truong/truong-mam-non-kid-s-club-co-so-him-lam
mầm non học viện hoa kỳ bình thọ	https://mamnon.com.vn/truong/truong-mam-non-hoc-vien-hoa-ky-binh-tho-aae-florida
mầm non song ngữ thế giới xanh quận 7	https://mamnon.com.vn/truong/truong-mam-non-song-ngu-the-gioi-xanh-green-world-luxcity
mầm non song ngữ bright stars cdc him lam campus	https://mamnon.com.vn/truong/he-thong-mam-non-song-ngu-bright-stars-cdc-him-lam-campus-since-2014
mầm non trẻ siêu phàm hồ chí minh	https://mamnon.com.vn/truong/mam-non-tre-sieu-pham
mầm non chìa khóa vàng quận 6	https://mamnon.com.vn/truong/truong-mam-non-chia-khoa-vang-golden-key-kindergarten
mầm non steamplus tây hồ	https://mamnon.com.vn/truong/truong-mam-non-steamplus
mầm non dinokinder phú thuận	https://mamnon.com.vn/truong/truong-mam-non-dinokinder-phu-thuan
global star school phú mỹ hưng	https://mamnon.com.vn/truong/global-star-phu-my-hung
global star school hiệp thành	https://mamnon.com.vn/truong/global-star-hiep-thanh
global star school an phú đông	https://mamnon.com.vn/truong/global-star-an-phu-dong
	https://mamnon.com.vn/truong/trung-tam-ngoai-ngu-global-edu
	https://mamnon.com.vn/truong/mam-non-pathway-co-so-fuji-nam-long-tp-thu-duc
global star school thạnh lộc	https://mamnon.com.vn/truong/global-star-thanh-loc
global star school hà huy giáp	https://mamnon.com.vn/truong/global-star-ha-huy-giap
mầm non quốc tế wonderkids montessori quốc hương	https://mamnon.com.vn/truong/truong-mam-non-quoc-te-wonderkids-montessori-wms-quoc-huong
mầm non kid's club cơ sở melody tân phú	https://mamnon.com.vn/truong/truong-mam-non-kid-s-club-co-so-melody
mầm non moon home phú hữu, thủ đức	https://mamnon.com.vn/truong/truong-mam-non-moon-home-moon-home-montessori-preschool-phu-huu-thu-duc
anh ngữ hanoi connection thanh xuân	https://mamnon.com.vn/truong/trung-tam-anh-ngu-hanoi-connection-thuong-dinh-thanh-xuan
tiểu học & thcs sao ánh dương maple bear canada tây hồ	https://mamnon.com.vn/truong/truong-tieu-hoc-thcs-sao-anh-duong-maple-bear-canada-sunshine-maple-bear-schools
mầm non ngôi nhà hugo bến lức	https://mamnon.com.vn/truong/truong-mam-non-ngoi-nha-hugo
ivy school fuji trung hòa	https://mamnon.com.vn/truong/ivy-school-co-so-fuji-trung-hoa
mầm non sao vàng quận 6	https://mamnon.com.vn/truong/mnsaovangq6
mầm non ako nam từ liêm	https://mamnon.com.vn/truong/truong-mam-non-ako-ako-kindergarten-quan-nam-tu-liem
mầm non vườn ươm tây hồ	https://mamnon.com.vn/truong/mam-non-vuon-uom-quan-tay-ho
mầm non sasuke hà đông	https://mamnon.com.vn/truong/truong-mam-non-sasuke-quan-ha-dong
victoria preschool system hcmc quận 2	https://mamnon.com.vn/truong/victoria-preschool-system-hcmc-truong-mam-non-victoria-preschool
mầm non vườn ươm hạnh phúc quận 9	https://mamnon.com.vn/truong/truong-mam-non-vuon-uom-hanh-phuc
mầm non creative house nam từ liêm	https://mamnon.com.vn/truong/mam-non-creative-house-ngoi-nha-sang-tao-vinhomes-gardenia-ham-nghi
mầm non me school quốc tử giám campus	https://mamnon.com.vn/truong/truong-mam-non-me-school-quoc-tu-giam-campus
mầm non kid's club cơ sở ehome 3 bình tân	https://mamnon.com.vn/truong/truong-mam-non-kid-s-club-co-so-ehome-3
mầm non phần lan tây hồ	https://mamnon.com.vn/truong/mam-non-phan-lan-tay-ho-finland-preschool-fis-tay-ho-campus
mầm non sakura montessori vạn phúc, hà đông	https://mamnon.com.vn/truong/truong-mam-non-sakura-montessori-van-phuc-ha-dong
mầm non kid's club cơ sở tecco bình tân	https://mamnon.com.vn/truong/truong-mam-non-kid-s-club-co-so-tecco
trường hội nhập quốc tế bamboo quận 12	https://mamnon.com.vn/truong/he-thong-truong-hoi-nhap-quoc-te-bamboo-quan-12
mầm non shine bilingual preschool hà đông	https://mamnon.com.vn/truong/truong-mam-non-shine-bilingual-preschool
mầm non thiên ấn montessori 9	https://mamnon.com.vn/truong/truong-mam-non-thien-an-montessori-phuong-9
mầm non ngôi nhà hạnh phúc tân phú	https://mamnon.com.vn/truong/truong-mam-non-ngoi-nha-hanh-phuc-happy-house-kindergarten-k27083
mầm non edc academy tân bình	https://mamnon.com.vn/truong/truong-mam-non-edc-academy-cs-tan-binh
mầm non mondo dei bambini hoàng mai	https://mamnon.com.vn/truong/truong-mam-non-mondo-dei-bambini-mondo-hoang-mai
mầm non sunshine kids montessori thanh xuân	https://mamnon.com.vn/truong/truong-mam-non-sunshine-kids-montessori-thanh-xuan
mầm non kid's club cơ sở bình thới quận 11	https://mamnon.com.vn/truong/truong-mam-non-kid-s-club-co-so-binh-thoi
mầm non yêu con 12	https://mamnon.com.vn/truong/truong-mam-non-yeu-con-loving-space-kindergarten-school-phuong-12
mầm non koi steiner cầu giấy	https://mamnon.com.vn/truong/mam-non-koi-steiner
mầm non chất lượng cao mckids quận 6	https://mamnon.com.vn/truong/truong-mam-non-chat-luong-cao-mckids
mầm non hải âu bay phú nhuận	https://mamnon.com.vn/truong/truong-mam-non-hai-au-bay
mầm non lily reggio hà đông	https://mamnon.com.vn/truong/mam-non-lily-reggio
mầm non kokoro quận 8	https://mamnon.com.vn/truong/truong-mam-non-kokoro-quan-8
mầm non bees' hoa trà my cầu giấy	https://mamnon.com.vn/truong/truong-mam-non-bees-hoa-tra-my
mầm non phần lan hà đông	https://mamnon.com.vn/truong/truong-mam-non-phan-lan-finland-preschool-fis-ha-dong
mầm non ngôi nhà hạnh phúc quận 9	https://mamnon.com.vn/truong/truong-mam-non-ngoi-nha-hanh-phuc-happy-house-preschool-quan-9
mầm non quốc tế phần lan - finland international preschool kđt dịch vọng cầu giấy	https://mamnon.com.vn/truong/truong-mam-non-quoc-te-phan-lan-finland-international-preschool-kdt-dich-vong
học viện mầm non khai nguyên montessori cầu giấy	https://mamnon.com.vn/truong/hoc-vien-mam-non-khai-nguyen-montessori
mầm non nhật an gò vấp	https://mamnon.com.vn/truong/truong-mam-non-nhat-an-nhat-an-preschool
mầm non song ngữ little sam 7 q. gò vấp	https://mamnon.com.vn/truong/truong-mam-non-song-ngu-little-sam-phuong-7-q-go-vap
mầm non casa panda quận 7	https://mamnon.com.vn/truong/truong-mam-non-casa-panda
mầm non em bé hạnh phúc happychild montessori	https://mamnon.com.vn/truong/truong-mam-non-em-be-hanh-phuc-happychild-montessori
mầm non song ngữ tinh hoa elite kids preschool	https://mamnon.com.vn/truong/truong-mam-non-song-ngu-tinh-hoa-elite-kids-preschool
mầm non nhà bé yêu bình thạnh	https://mamnon.com.vn/truong/mam-non-nha-be-yeu
mầm non viên ngọc sáng kđt vạn phúc	https://mamnon.com.vn/truong/mam-non-vien-ngoc-sang-kdt-van-phuc
mầm non kid's club richmond city bình thạnh	https://mamnon.com.vn/truong/truong-mam-non-kid-s-club-richmond-city
mầm non mặt trời nhỏ hồ chí minh	https://mamnon.com.vn/truong/truong-mam-non-mat-troi-nho-little-sun-kindergarten-thanh-pho-thu-duc
mầm non mẹ yêu con ngọc khánh	https://mamnon.com.vn/truong/truong-mam-non-me-yeu-con-ngoc-khanh
mầm non quốc tế iruka võ thị sáu	https://mamnon.com.vn/truong/mam-non-quoc-te-iruka-vo-thi-sau
mầm non sao mai 26, bình thạnh	https://mamnon.com.vn/truong/mam-non-sao-mai-phuong-26-binh-thanh
mầm non chuông nhỏ hoàng mai	https://mamnon.com.vn/truong/truong-mam-non-chuong-nho-joybell-kids-gamuda
mầm non chích bông quận 9	https://mamnon.com.vn/truong/mam-non-chich-bong-chich-bong-kindergarten
mầm non tiny kingdom quận 2	https://mamnon.com.vn/truong/truong-mam-non-tiny-kingdom-quan-2
mầm non song ngữ trẻ tài năng tân phú	https://mamnon.com.vn/truong/truong-mam-non-song-ngu-tre-tai-nang-steamn-kids-preschool
mầm non me since 1988 bình tân	https://mamnon.com.vn/truong/truong-mam-non-me-since-1988-quan-binh-tan
mầm non song ngữ sasuke thanh xuân	https://mamnon.com.vn/truong/truong-mam-non-song-ngu-sasuke-nguyen-tuan-thanh-xuan
mầm non o'hana thanh xuân	https://mamnon.com.vn/truong/truong-mam-non-o-hana-quan-thanh-xuan
mầm non chân trời trẻ thơ quận 2	https://mamnon.com.vn/truong/truong-mam-non-chan-troi-tre-tho-kidshorizons-preschool
mầm non chú voi con quận 7	https://mamnon.com.vn/truong/truong-mam-non-chu-voi-con-jumbokiz
mầm non kidtown tuổi hoa	https://mamnon.com.vn/truong/truong-mam-non-kidtown-thanh-pho-tuoi-hoa
trường mầm non thực nghiệm mới hai bà trưng	https://mamnon.com.vn/truong/tru-o-ng-ma-m-non-thu-c-nghie-m-mo-i-harmony-montessori-childcare-p-thi-sach-phuong-pham-dinh-ho
mầm non la mia casa montessori quận 7	https://mamnon.com.vn/truong/truong-mam-non-la-mia-casa-montessori-quan-7
mầm non sao vui montessori hồ chí minh	https://mamnon.com.vn/truong/mam-non-sao-vui-montessori
mầm non song ngữ quốc tế bầu trời xanh new city	https://mamnon.com.vn/truong/truong-mam-non-song-ngu-quoc-te-bau-troi-xanh-cs-new-city-quan-2
mầm non song ngữ kindersea nam từ liêm	https://mamnon.com.vn/truong/truong-mam-non-song-ngu-kindersea
mầm non ngôi sao hưng phát nhà bè	https://mamnon.com.vn/truong/truong-mam-non-ngoi-sao-hung-phat
mầm non thực nghiệm mới harmony montessori childcare nam từ liêm	https://mamnon.com.vn/truong/truong-mam-non-thuc-nghiem-moi-harmony-montessori-childcare-hmc
mầm non song ngữ quốc tế bầu trời xanh lexington	https://mamnon.com.vn/truong/truong-mam-non-song-ngu-quoc-te-bau-troi-xanh-cs-lexington-quan-2
mầm non khang nhi montessori hoàng hoa thám ba đình	https://mamnon.com.vn/truong/truong-mam-non-khang-nhi-montessori-hoang-hoa-tham-ba-dinh
mầm non xanh lá quận 7	https://mamnon.com.vn/truong/truong-mam-non-xanh-la-midori-preschool
mầm non amon kindercare long biên bilingual preschool	https://mamnon.com.vn/truong/truong-mam-non-amon-kindercare-long-bien-bilingual-preschool
mầm non quốc tế phần lan đống đa	https://mamnon.com.vn/truong/truong-mam-non-quoc-te-phan-lan-finland-international-preschool-fis-hang-bot
mầm non song ngữ anne hill thủ đức	https://mamnon.com.vn/truong/truong-mam-non-song-ngu-anne-hill-anne-hill-bilingual-preschool-thu-duc
mầm non kid's club cơ sở tên lửa bình tân	https://mamnon.com.vn/truong/truong-mam-non-kid-s-club-co-so-ten-lua
mầm non sakura kids preschool hoàng mai	https://mamnon.com.vn/truong/truong-mam-non-sakura-kids-preschool-quan-hoang-mai
mầm non la mia casa montessori bình thạnh	https://mamnon.com.vn/truong/truong-mam-non-la-mia-casa-montessori
mầm non happyland preschool gò vấp	https://mamnon.com.vn/truong/mam-non-happyland-preschool
mầm non dca cầu giấy	https://mamnon.com.vn/truong/he-thong-mam-non-dca
mầm non b2b linh đàm	https://mamnon.com.vn/truong/truong-mam-non-b2b-back-to-basics-montessori-education-linh-da-m
mầm non học viện hoa kỳ washington campus	https://mamnon.com.vn/truong/mam-non-hoc-vien-hoa-ky-aae-washington-campus
mầm non an hòa 14, tân bình	https://mamnon.com.vn/truong/truong-mam-non-an-hoa-an-hoa-preschool-phuong-14-tan-binh
mầm non yellow bee nhà bè	https://mamnon.com.vn/truong/mam-non-yellow-bee-yellow-bee-kingdergarten
mầm non thế giới hạnh phúc quận 7	https://mamnon.com.vn/truong/mam-non-the-gioi-hanh-phuc-happy-world-kindergarten
tiểu học liên cấp st. paul american school hanoi hoài đức	https://mamnon.com.vn/truong/truong-tieu-hoc-lien-cap-st-paul-american-school-hanoi
mầm non timeway đông anh	https://mamnon.com.vn/truong/truong-mam-non-timeway
mầm non ngôi sao nhỏ quận 7	https://mamnon.com.vn/truong/truong-mam-non-ngoi-sao-nho-little-stars-kindergarten
mầm non chiếc lá nhỏ tân phú	https://mamnon.com.vn/truong/truong-mam-non-chiec-la-nho-little-leaf
mầm non igc kiddy tân phú cũ	https://mamnon.com.vn/truong/truong-mam-non-igc-kiddy-quan-tan-phu
mầm non green galaxy quận 8	https://mamnon.com.vn/truong/mam-non-green-galaxy
mầm non song ngữ hoa trà my nhân chính, thanh xuân	https://mamnon.com.vn/truong/truong-mam-non-song-ngu-hoa-tra-my-camellia-school-nhan-chinh-thanh-xuan-quan-thanh-xuan
mầm non hoa trà my iii quận 8	https://mamnon.com.vn/truong/truong-mam-non-hoa-tra-my-iii-camellia-school-3-ta-quang-buu-phuong-6
tiểu học hanoi adelaide school h.a.s hà đông	https://mamnon.com.vn/truong/truong-tieu-hoc-hanoi-adelaide-school-h-a-s-quan-ha-dong
little saigon kindergarten hồ chí minh	https://mamnon.com.vn/truong/little-saigon-kindergarten-truong-mam-non-little-saigon
mầm non học viện mẹ ngỗng bình dương	https://mamnon.com.vn/truong/truong-mam-non-hoc-vien-me-ngong-mother-goose-academy
mầm non cánh diều playschool quận 7	https://mamnon.com.vn/truong/truong-mam-non-canh-dieu-playschool
mầm non song hạ bình thạnh	https://mamnon.com.vn/truong/truong-mam-non-song-ha
mầm non mặt trời bé thơ sunrise kidz cầu giấy	https://mamnon.com.vn/truong/truong-mam-non-mat-troi-be-tho-sunrise-kidz-quan-cau-giay
mầm non pathway bình an, tp. thủ đức	https://mamnon.com.vn/truong/mam-non-pathway-co-so-binh-an-tp-thu-duc
mầm non ngôi nhà hạnh phúc quận 7	https://mamnon.com.vn/truong/mam-non-ngoi-nha-hanh-phuc-happy-house-kindergarten
mầm non song ngữ thế giới xanh hồ chí minh	https://mamnon.com.vn/truong/truong-mam-non-song-ngu-the-gioi-xanh-green-world-kindergarten-opal-garden
mầm non la casa preschool thanh xuân	https://mamnon.com.vn/truong/truong-mam-non-la-casa-preschool-imperia-garden-nguyen-tuan-nguyen-huy-tuong
việt nam phần lan (vfis)	https://mamnon.com.vn/truong/truong-quoc-te-viet-nam-phan-lan-vfis
horizon hà nội	https://mamnon.com.vn/truong/truong-mam-non-quoc-te-horizon
mầm non song ngữ hooray 3 - hcm	https://mamnon.com.vn/truong/truong-mam-non-song-ngu-hooray-quan-3-hcm
mầm non koi nursery phạm thế hiển	https://mamnon.com.vn/truong/he-thong-mam-non-koi-nursery-cs-pham-the-hien
montessori smiling fingers hồ chí minh	https://mamnon.com.vn/truong/truong-mam-non-song-ngu-montessori-smiling-fingers
me since 1988 hồ chí minh	https://mamnon.com.vn/truong/truong-mam-non-me-since-1988-quan-tan-phu
mầm non song ngữ hoa sen nhỏ 4	https://mamnon.com.vn/truong/mam-non-song-ngu-hoa-sen-nho-little-lotus-kindergarten-phuong-4
mầm non song ngữ voi con quận 7	https://mamnon.com.vn/truong/truong-mam-non-song-ngu-voi-con-jumbokiz
mầm non nhà bé vui hồ chí minh	https://mamnon.com.vn/truong/truong-mam-non-nha-be-vui-happykids-house
ivy school an trạch	https://mamnon.com.vn/truong/ivy-school-co-so-an-trach
mầm non vsk thăng long tây hồ	https://mamnon.com.vn/truong/truong-mam-non-vsk-thang-long
mầm non alpha ba đình	https://mamnon.com.vn/truong/mam-non-alpha-alpha-childcare
mầm non song ngữ wehappy hồ chí minh	https://mamnon.com.vn/truong/mam-non-song-ngu-wehappy-wehappy-preschool
mầm non ngôi sao tuổi thơ shining stars preschool phú nhuận	https://mamnon.com.vn/truong/truong-mam-non-ngoi-sao-tuoi-tho-shining-stars-preschool
mầm non song ngữ bright stars bình tân	https://mamnon.com.vn/truong/truong-mam-non-song-ngu-bright-stars-phuong-an-lac-a-binh-tan
safari montessori academy đống đa	https://mamnon.com.vn/truong/truong-safari-montessori-academy
mầm non bồ câu nhỏ quận 1	https://mamnon.com.vn/truong/ntbocaunho
mầm non những cánh diều bay vĩnh tuy	https://mamnon.com.vn/truong/truong-mam-non-nhung-canh-dieu-bay-flying-kites-kindergarten-vinh-tuy-quan-hai-ba-trung
mầm non olympus - yết kiêu hoàn kiếm	https://mamnon.com.vn/truong/mam-non-olympus-yet-kieu
mầm non dongsim kindergarten xuân thủy branch cầu giấy	https://mamnon.com.vn/truong/truong-mam-non-dongsim-kindergarten-xuan-thuy-branch
mầm non song ngữ little sam gò vấp	https://mamnon.com.vn/truong/truong-mam-non-song-ngu-little-sam
mầm non tuổi thơ xanh green childhood preschool bình chánh	https://mamnon.com.vn/truong/truong-mam-non-tuoi-tho-xanh-green-childhood-preschool
mầm non song ngữ hugo house hồ chí minh	https://mamnon.com.vn/truong/truong-mam-non-song-ngu-hugo-house
mầm non chim cánh cụt penguin academy	https://mamnon.com.vn/truong/truong-mam-non-chim-canh-cut-penguin-academy
mầm non úc châu hồ chí minh	https://mamnon.com.vn/truong/truong-mam-non-uc-chau-thanh-pho-thu-duc
mầm non princeton academy timescity	https://mamnon.com.vn/truong/truong-mam-non-princeton-academy-timescity
mầm non kid's club cơ sở lê đình thụ tân phú	https://mamnon.com.vn/truong/truong-mam-non-kid-s-club-co-so-le-dinh-thu
mầm non trẻ hoàng gia cầu giấy	https://mamnon.com.vn/truong/truong-mam-non-tre-hoang-gia-royalkidz-kindergarten
mầm non hoa mặt trời 7	https://mamnon.com.vn/truong/truong-mam-non-hoa-mat-troi-phuong-7
mầm non ngôi sao toàn cầu bình tân	https://mamnon.com.vn/truong/truong-mam-non-ngoi-sao-toan-cau-globe-star
maitri montessori kindergarten quận 2	https://mamnon.com.vn/truong/maitri-montessori-kindergarten
mầm non sole mio quận 7	https://mamnon.com.vn/truong/truong-mam-non-sole-mio
mầm non sakura kids preschool nhà bè	https://mamnon.com.vn/truong/truong-mam-non-sakura-kids-preschool
mầm non song ngữ bầu trời xanh hưng phát	https://mamnon.com.vn/truong/truong-mam-non-song-ngu-bau-troi-xanh-cs-hung-phat-nha-be
mầm non song ngữ thế giới xanh opal riverside	https://mamnon.com.vn/truong/truong-mam-non-song-ngu-the-gioi-xanh-green-world-opal-riverside
mầm non bé anhxtanh ba đình	https://mamnon.com.vn/truong/truong-mam-non-be-anhxtanh-little-einsteins-bilingual-preschool
mầm non ivy school nam từ liêm	https://mamnon.com.vn/truong/ivy-school-co-so-kic-montessori-vietnam-me-tri
mầm non ngôi nhà nhỏ tân bình	https://mamnon.com.vn/truong/truong-mam-non-ngoi-nha-nho-little-house-quan-tan-binh
mầm non mommy green education quận 2	https://mamnon.com.vn/truong/truong-mam-non-mommy-green-education
mầm non bees' elite school linh lang	https://mamnon.com.vn/truong/truong-mam-non-bees-elite-school-linh-lang
mầm non việt mỹ an khánh	https://mamnon.com.vn/truong/mam-non-viet-my-an-khanh
mầm non xanh montessori quận 9	https://mamnon.com.vn/truong/truong-mam-non-xanh-montessori-quan-9
mầm non igc kiddy quận 3	https://mamnon.com.vn/truong/truong-mam-non-igc-kiddy-quan-3
mầm non khai tâm hồ chí minh	https://mamnon.com.vn/truong/mnkhaitamthuduc
mầm non quốc tế nsquare tô ngọc vân	https://mamnon.com.vn/truong/truong-mam-non-quoc-te-nsquare-nsquare-international-kindergarten-to-ngoc-van
mầm non việt anh 16	https://mamnon.com.vn/truong/truong-mam-non-viet-anh-phuong-16
song ngữ hệ thống mầm non bay preschool hòa thạnh - tân phú 2	https://mamnon.com.vn/truong/song-ngu-he-thong-mam-non-bay-preschool-hoa-thanh-tan-phu-2
mầm non song ngữ happy journey tân phú	https://mamnon.com.vn/truong/truong-mam-non-song-ngu-happy-journey-quan-tan-phu
mầm non bánh táo 11 quận 6	https://mamnon.com.vn/truong/truong-mam-non-banh-tao-apple-pie-kindergarten-phuong-11-quan-6
mầm non aic cầu giấy	https://mamnon.com.vn/truong/truong-mam-non-aic-165-cau-giay
mầm non quốc tế sky ecopark, văn giang	https://mamnon.com.vn/truong/truong-mam-non-quoc-te-sky-ecopark-van-giang
mầm non amg kindergarten kđt ecopark	https://mamnon.com.vn/truong/truong-mam-non-amg-kindergarten-kdt-ecopark
mầm non quốc tế sakura kids long biên	https://mamnon.com.vn/truong/truong-mam-non-quoc-te-sakura-kids
mầm non small wonder cầu giấy	https://mamnon.com.vn/truong/truong-mam-non-small-wonder-vuon-kham-pha
mầm non jolio preschool quận 9	https://mamnon.com.vn/truong/truong-mam-non-jolio-preschool
mầm non chất lượng cao trinity bắc từ liêm	https://mamnon.com.vn/truong/truong-mam-non-chat-luong-cao-trinity
mầm non sắc màu bình thạnh	https://mamnon.com.vn/truong/truong-mam-non-sac-mau-quan-binh-thanh
giáo dục asg thanh xuân	https://mamnon.com.vn/truong/he-thong-giao-duc-asg-american-school-quan-thanh-xuan
giáo dục sớm smart baby ocean park, gia lâm	https://mamnon.com.vn/truong/he-thong-giao-duc-som-smart-baby-ocean-park-gia-lam
tiểu học nam việt cs5 quận 12	https://mamnon.com.vn/truong/truong-tieu-hoc-nam-viet-cs5
hệ tiền tiểu học - trường hội nhập quốc tế bamboo hóc môn	https://mamnon.com.vn/truong/he-tien-tieu-hoc-truong-hoi-nhap-quoc-te-bamboo-cs-hoc-mon
mầm non song ngữ tân việt mỹ montessori quận 12	https://mamnon.com.vn/truong/truong-mam-non-song-ngu-tan-viet-my-montessori
tiếng anh wewin education quận 1	https://mamnon.com.vn/truong/trung-tam-tieng-anh-wewin-education-quan-1
mầm non ngôi nhà sinh thái eraschool long biên	https://mamnon.com.vn/truong/truong-mam-non-ngoi-nha-sinh-thai-eraschool
giáo dục chuyên biệt hoa anh đào long biên	https://mamnon.com.vn/truong/trung-tam-giao-duc-chuyen-biet-hoa-anh-dao
mầm non quốc tế kindy garden compass one	https://mamnon.com.vn/truong/truong-mam-non-quoc-te-kindy-garden-kgis-compass-one
mầm non hoa tigon quận 7	https://mamnon.com.vn/truong/mam-non-hoa-tigon-quan-7
mầm non tư thục thời đại kđt khai sơn city	https://mamnon.com.vn/truong/truong-mam-non-tu-thuc-thoi-dai-times-school-kdt-khai-son-city
mầm non lily reggio emilia inspired preschool nam từ liêm	https://mamnon.com.vn/truong/truong-mam-non-lily-reggio-emilia-inspired-preschool-quan-nam-tu-liem
mầm non song ngữ sắc màu vui nhộn thanh xuân	https://mamnon.com.vn/truong/truong-mam-non-song-ngu-sac-mau-vui-nhon-funny-colors
mầm non song ngữ iq montessori hoàng mai	https://mamnon.com.vn/truong/truong-mam-non-song-ngu-iq-montessori-co-so-gamuda-city
mầm non alpha bet bắc từ liêm	https://mamnon.com.vn/truong/truong-mam-non-alpha-bet-quan-bac-tu-liem
mầm non happy kids đất việt	https://mamnon.com.vn/truong/truong-mam-non-happy-kids-dat-viet
mầm non cánh én tuổi thơ canary kids bình tân	https://mamnon.com.vn/truong/mam-non-canh-en-tuoi-tho-canary-kids-binh-tan
mầm non tư thục sake 13, tân bình	https://mamnon.com.vn/truong/mam-non-tu-thuc-sake-phuong-13-tan-binh
mầm non vườn tuổi thơ bình tân	https://mamnon.com.vn/truong/truong-mam-non-vuon-tuoi-tho-kidsgarden-preschool-binh-tri-dong
mầm non ngôi nhà tuổi thơ quận 8	https://mamnon.com.vn/truong/mam-non-ngoi-nha-tuoi-tho-baby-house-montessori-preschool
mầm non trăng xanh 6, gò vấp	https://mamnon.com.vn/truong/truong-mam-non-trang-xanh-green-moon-phuong-6-go-vap
mầm non tô ký quận 12	https://mamnon.com.vn/truong/mam-non-to-ky
mầm non bách việt đống đa hà nội	https://mamnon.com.vn/truong/he-thong-mam-non-bach-viet-co-so-bach-viet-3-lang-thuong
mầm non tuổi thơ rực rỡ 2 phước kiển	https://mamnon.com.vn/truong/mam-non-tuoi-tho-ruc-ro-2-phuoc-kien
mầm non ngôi sao sáng edison bắc từ liêm	https://mamnon.com.vn/truong/truong-mam-non-ngoi-sao-sang-edison
mầm non việt đông dương hồ chí minh	https://mamnon.com.vn/truong/truong-mam-non-viet-dong-duong-thuoc-he-thong-giao-duc-tai-nang-onekids
mầm non gurukids long biên	https://mamnon.com.vn/truong/truong-mam-non-gurukids
mầm non song ngữ happy kids montessori tân thới nhì, hóc môn	https://mamnon.com.vn/truong/truong-mam-non-song-ngu-happy-kids-montessori-tan-thoi-nhi-hoc-mon
mầm non song ngữ small world bắc từ liêm	https://mamnon.com.vn/truong/truong-mam-non-song-ngu-small-world
mầm non ngôi nhà trí tuệ quận 5	https://mamnon.com.vn/truong/truong-mam-non-ngoi-nha-tri-tue-smartkids-kindergarten
ivy school thần đồng việt	https://mamnon.com.vn/truong/ivy-school-co-so-than-dong-viet
mầm non little friends nam từ liêm	https://mamnon.com.vn/truong/truong-mam-non-little-friends-quan-nam-tu-liem
mầm non ngôi nhà bút chì hồ chí minh	https://mamnon.com.vn/truong/mam-non-ngoi-nha-but-chi-pencil-house-kindergarten-campus-3
mầm non taiyo preschool an khánh, hoài đức	https://mamnon.com.vn/truong/he-thong-mam-non-taiyo-preschool-mam-non-mat-troi-an-khanh-hoai-duc
mầm non hoa mai hai bà trưng	https://mamnon.com.vn/truong/truong-mam-non-hoa-mai-hoa-mai-kindergarten-quan-hai-ba-trung
mầm non xứ thần tiên quận 12	https://mamnon.com.vn/truong/truong-mam-non-xu-than-tien-wonderland-kindergarten
khóa học hành trang vào lớp 1 trường song ngữ liên cấp wellspring long biên	https://mamnon.com.vn/truong/khoa-hoc-hanh-trang-vao-lop-1-truong-song-ngu-lien-cap-wellspring
mầm non minh hải đống đa	https://mamnon.com.vn/truong/truong-mam-non-minh-hai-quan-dong-da
mầm non quốc tế lacasta academy hà đông	https://mamnon.com.vn/truong/truong-mam-non-quoc-te-lacasta-academy
mầm non cây xanh green tree preschool	https://mamnon.com.vn/truong/truong-mam-non-cay-xanh-green-tree-preschool
mầm non sunny kids lý nam đế, hoàn kiếm	https://mamnon.com.vn/truong/mam-non-sunny-kids-ly-nam-de-hoan-kiem
can thiệp sớm và ứng dụng tâm lý khai tâm tân phú	https://mamnon.com.vn/truong/trung-tam-can-thiep-som-va-ung-dung-tam-ly-khai-tam-can-thiep-som-va-ung-dung-tam-ly-khai-tam
đào tạo mc chuyên nghiệp, mc nhí vietskill đống đa	https://mamnon.com.vn/truong/trung-tam-dao-tao-mc-chuyen-nghiep-mc-nhi-vietskill-quan-dong-da
học phí mầm non quận hà đông hà nội	https://mamnon.com.vn/hoc-phi-mam-non-quan-ha-dong-ha-noi
học phí mầm non quận bình tân tp. hồ chí minh	https://mamnon.com.vn/hoc-phi-mam-non-quan-binh-tan-tp-ho-chi-minh
học phí mầm non quận 12 tp. hồ chí minh	https://mamnon.com.vn/hoc-phi-mam-non-quan-12-tp-ho-chi-minh
học phí mầm non thành phố thủ đức tp. hồ chí minh	https://mamnon.com.vn/hoc-phi-mam-non-thanh-pho-thu-duc-tp-ho-chi-minh
học phí mầm non quận bắc từ liêm hà nội	https://mamnon.com.vn/hoc-phi-mam-non-quan-bac-tu-liem-ha-noi
học phí mầm non quận hoàng mai hà nội	https://mamnon.com.vn/hoc-phi-mam-non-quan-hoang-mai-ha-noi
học phí mầm non quận nam từ liêm hà nội	https://mamnon.com.vn/hoc-phi-mam-non-quan-nam-tu-liem-ha-noi
học phí mầm non quận gò vấp tp. hồ chí minh	https://mamnon.com.vn/hoc-phi-mam-non-quan-go-vap-tp-ho-chi-minh
học phí mầm non quận cầu giấy hà nội	https://mamnon.com.vn/hoc-phi-mam-non-quan-cau-giay-ha-noi
học phí mầm non quận 7 tp. hồ chí minh	https://mamnon.com.vn/hoc-phi-mam-non-quan-7-tp-ho-chi-minh
học phí mầm non quận long biên hà nội	https://mamnon.com.vn/hoc-phi-mam-non-quan-long-bien-ha-noi
học phí mầm non quận hai bà trưng hà nội	https://mamnon.com.vn/hoc-phi-mam-non-quan-hai-ba-trung-ha-noi
học phí mầm non quận thanh xuân hà nội	https://mamnon.com.vn/hoc-phi-mam-non-quan-thanh-xuan-ha-noi
học phí mầm non huyện bình chánh tp. hồ chí minh	https://mamnon.com.vn/hoc-phi-mam-non-huyen-binh-chanh-tp-ho-chi-minh
học phí mầm non quận 2 tp. hồ chí minh	https://mamnon.com.vn/hoc-phi-mam-non-quan-2-tp-ho-chi-minh
học phí mầm non quận bình thạnh tp. hồ chí minh	https://mamnon.com.vn/hoc-phi-mam-non-quan-binh-thanh-tp-ho-chi-minh
học phí mầm non thành phố biên hòa đồng nai	https://mamnon.com.vn/hoc-phi-mam-non-thanh-pho-bien-hoa-dong-nai
học phí mầm non quận đống đa hà nội	https://mamnon.com.vn/hoc-phi-mam-non-quan-dong-da-ha-noi
học phí mầm non huyện thanh trì hà nội	https://mamnon.com.vn/hoc-phi-mam-non-huyen-thanh-tri-ha-noi
học phí mầm non quận tân bình tp. hồ chí minh	https://mamnon.com.vn/hoc-phi-mam-non-quan-tan-binh-tp-ho-chi-minh
học phí mầm non huyện hoài đức hà nội	https://mamnon.com.vn/hoc-phi-mam-non-huyen-hoai-duc-ha-noi
học phí mầm non quận 9 tp. hồ chí minh	https://mamnon.com.vn/hoc-phi-mam-non-quan-9-tp-ho-chi-minh
học phí mầm non quận tân phú tp. hồ chí minh	https://mamnon.com.vn/hoc-phi-mam-non-quan-tan-phu-tp-ho-chi-minh
học phí mầm non quận ba đình hà nội	https://mamnon.com.vn/hoc-phi-mam-non-quan-ba-dinh-ha-noi
học phí mầm non quận 8 tp. hồ chí minh	https://mamnon.com.vn/hoc-phi-mam-non-quan-8-tp-ho-chi-minh
học phí mầm non quận tây hồ hà nội	https://mamnon.com.vn/hoc-phi-mam-non-quan-tay-ho-ha-noi
học phí mầm non huyện đông anh hà nội	https://mamnon.com.vn/hoc-phi-mam-non-huyen-dong-anh-ha-noi
học phí mầm non thành phố vũng tàu bà rịa - vũng tàu	https://mamnon.com.vn/hoc-phi-mam-non-thanh-pho-vung-tau-ba-ria-vung-tau
học phí mầm non thành phố thuận an bình dương	https://mamnon.com.vn/hoc-phi-mam-non-thanh-pho-thuan-an-binh-duong
học phí mầm non quận 3 tp. hồ chí minh	https://mamnon.com.vn/hoc-phi-mam-non-quan-3-tp-ho-chi-minh
học phí mầm non thành phố thủ dầu một bình dương	https://mamnon.com.vn/hoc-phi-mam-non-thanh-pho-thu-dau-mot-binh-duong
học phí mầm non huyện nhà bè tp. hồ chí minh	https://mamnon.com.vn/hoc-phi-mam-non-huyen-nha-be-tp-ho-chi-minh
học phí mầm non huyện củ chi tp. hồ chí minh	https://mamnon.com.vn/hoc-phi-mam-non-huyen-cu-chi-tp-ho-chi-minh
học phí mầm non thành phố dĩ an bình dương	https://mamnon.com.vn/hoc-phi-mam-non-thanh-pho-di-an-binh-duong
học phí mầm non thành phố nha trang khánh hòa	https://mamnon.com.vn/hoc-phi-mam-non-thanh-pho-nha-trang-khanh-hoa
học phí mầm non quận 6 tp. hồ chí minh	https://mamnon.com.vn/hoc-phi-mam-non-quan-6-tp-ho-chi-minh
học phí mầm non thành phố thanh hóa thanh hóa	https://mamnon.com.vn/hoc-phi-mam-non-thanh-pho-thanh-hoa-thanh-hoa
học phí mầm non huyện gia lâm hà nội	https://mamnon.com.vn/hoc-phi-mam-non-huyen-gia-lam-ha-noi
học phí mầm non thành phố vinh nghệ an	https://mamnon.com.vn/hoc-phi-mam-non-thanh-pho-vinh-nghe-an
học phí mầm non huyện hóc môn tp. hồ chí minh	https://mamnon.com.vn/hoc-phi-mam-non-huyen-hoc-mon-tp-ho-chi-minh
học phí mầm non quận phú nhuận tp. hồ chí minh	https://mamnon.com.vn/hoc-phi-mam-non-quan-phu-nhuan-tp-ho-chi-minh
học phí mầm non thành phố hạ long quảng ninh	https://mamnon.com.vn/hoc-phi-mam-non-thanh-pho-ha-long-quang-ninh
học phí mầm non quận hải châu đà nẵng	https://mamnon.com.vn/hoc-phi-mam-non-quan-hai-chau-da-nang
học phí mầm non quận 4 tp. hồ chí minh	https://mamnon.com.vn/hoc-phi-mam-non-quan-4-tp-ho-chi-minh
học phí mầm non quận hoàn kiếm hà nội	https://mamnon.com.vn/hoc-phi-mam-non-quan-hoan-kiem-ha-noi
học phí mầm non quận 5 tp. hồ chí minh	https://mamnon.com.vn/hoc-phi-mam-non-quan-5-tp-ho-chi-minh
học phí mầm non thành phố bắc ninh bắc ninh	https://mamnon.com.vn/hoc-phi-mam-non-thanh-pho-bac-ninh-bac-ninh
học phí mầm non quận 11 tp. hồ chí minh	https://mamnon.com.vn/hoc-phi-mam-non-quan-11-tp-ho-chi-minh
học phí mầm non quận 1 tp. hồ chí minh	https://mamnon.com.vn/hoc-phi-mam-non-quan-1-tp-ho-chi-minh
học phí mầm non quận 10 tp. hồ chí minh	https://mamnon.com.vn/hoc-phi-mam-non-quan-10-tp-ho-chi-minh
học phí mầm non thành phố thái nguyên thái nguyên	https://mamnon.com.vn/hoc-phi-mam-non-thanh-pho-thai-nguyen-thai-nguyen
học phí mầm non thành phố buôn ma thuột đắk lắk	https://mamnon.com.vn/hoc-phi-mam-non-thanh-pho-buon-ma-thuot-dak-lak
học phí mầm non quận ninh kiều cần thơ	https://mamnon.com.vn/hoc-phi-mam-non-quan-ninh-kieu-can-tho
học phí mầm non quận lê chân hải phòng	https://mamnon.com.vn/hoc-phi-mam-non-quan-le-chan-hai-phong
học phí mầm non thành phố tân uyên bình dương	https://mamnon.com.vn/hoc-phi-mam-non-thanh-pho-tan-uyen-binh-duong
học phí mầm non thành phố huế huế	https://mamnon.com.vn/hoc-phi-mam-non-thanh-pho-hue-hue
học phí mầm non thành phố vĩnh yên vĩnh phúc	https://mamnon.com.vn/hoc-phi-mam-non-thanh-pho-vinh-yen-vinh-phuc
học phí mầm non thành phố quy nhơn bình định	https://mamnon.com.vn/hoc-phi-mam-non-thanh-pho-quy-nhon-binh-dinh
học phí mầm non huyện văn giang hưng yên	https://mamnon.com.vn/hoc-phi-mam-non-huyen-van-giang-hung-yen
học phí mầm non huyện sóc sơn hà nội	https://mamnon.com.vn/hoc-phi-mam-non-huyen-soc-son-ha-noi
học phí mầm non quận cẩm lệ đà nẵng	https://mamnon.com.vn/hoc-phi-mam-non-quan-cam-le-da-nang
học phí mầm non thành phố bến cát bình dương	https://mamnon.com.vn/hoc-phi-mam-non-thanh-pho-ben-cat-binh-duong
học phí mầm non huyện chương mỹ hà nội	https://mamnon.com.vn/hoc-phi-mam-non-huyen-chuong-my-ha-noi
học phí mầm non quận ngô quyền hải phòng	https://mamnon.com.vn/hoc-phi-mam-non-quan-ngo-quyen-hai-phong
học phí mầm non quận liên chiểu đà nẵng	https://mamnon.com.vn/hoc-phi-mam-non-quan-lien-chieu-da-nang
học phí mầm non quận hải an hải phòng	https://mamnon.com.vn/hoc-phi-mam-non-quan-hai-an-hai-phong
học phí mầm non thành phố nam định nam định	https://mamnon.com.vn/hoc-phi-mam-non-thanh-pho-nam-dinh-nam-dinh
học phí mầm non huyện thanh oai hà nội	https://mamnon.com.vn/hoc-phi-mam-non-huyen-thanh-oai-ha-noi
học phí mầm non thành phố hải dương hải dương	https://mamnon.com.vn/hoc-phi-mam-non-thanh-pho-hai-duong-hai-duong
học phí mầm non thành phố lào cai lào cai	https://mamnon.com.vn/hoc-phi-mam-non-thanh-pho-lao-cai-lao-cai
học phí mầm non thành phố đà lạt lâm đồng	https://mamnon.com.vn/hoc-phi-mam-non-thanh-pho-da-lat-lam-dong
học phí mầm non thành phố bắc giang bắc giang	https://mamnon.com.vn/hoc-phi-mam-non-thanh-pho-bac-giang-bac-giang
